{
    "fields": [
        "id",
        "station",
        "name",
        "type",
        "logo",
        "genre",
        "broadcaster",
        "language",
        "country",
        "region",
        "bitrate",
        "format",
        "geo_fenced",
        "home_page",
        "reserved2"
    ],
    "stations": [
        {
            "id": 500,
            "station": "http://hydra.shoutca.st:8064/stream2?station_name=Bay_Trust_Radio",
            "name": "Bay Trust Radio",
            "type": "r",
            "logo": "local",
            "genre": "",
            "broadcaster": " ",
            "language": "English",
            "country": "UK",
            "region": "Europe",
            "bitrate": "48s",
            "format": "MP3",
            "geo_fenced": "No",
            "home_page": "",
            "reserved2": "NULL",
            "Match1": "Bay Trust Radio",
            "Match2": "ACC",
            "Match3": "48s",
            "Match Chk": "Bay Trust Radio"
        },
        {
            "id": 501,
            "station": "http://a.files.bbci.co.uk/media/live/manifesto/audio/simulcast/hls/uk/sbr_med/ak/bbc_radio_one.m3u8?station_name=BBC_Radio_1_(England)",
            "name": "BBC Radio 1 (England)",
            "type": "r",
            "logo": "local",
            "genre": "",
            "broadcaster": "BBC",
            "language": "English",
            "country": "UK",
            "region": "Europe",
            "bitrate": "128s",
            "format": "MP3",
            "geo_fenced": "No",
            "home_page": "",
            "reserved2": "NULL",
            "Match1": "BBC Radio 1 (England)",
            "Match2": "BBCOTHER",
            "Match3": "128s",
            "Match Chk": "BBC Radio 1 (England)"
        },
        {
            "id": 502,
            "station": "http://a.files.bbci.co.uk/media/live/manifesto/audio/simulcast/hls/uk/sbr_med/ak/bbc_1xtra.m3u8?station_name=BBC_Radio_1Xtra",
            "name": "BBC Radio 1Xtra",
            "type": "r",
            "logo": "local",
            "genre": "",
            "broadcaster": "BBC",
            "language": "English",
            "country": "UK",
            "region": "Europe",
            "bitrate": "128s",
            "format": "MP3",
            "geo_fenced": "No",
            "home_page": "",
            "reserved2": "NULL",
            "Match1": "BBC Radio 1Xtra",
            "Match2": "BBCOTHER",
            "Match3": "128s",
            "Match Chk": "BBC Radio 1Xtra"
        },
        {
            "id": 503,
            "station": "http://a.files.bbci.co.uk/media/live/manifesto/audio/simulcast/hls/uk/sbr_med/ak/bbc_radio_two.m3u8?station_name=BBC_Radio_2",
            "name": "BBC Radio 2",
            "type": "r",
            "logo": "local",
            "genre": "",
            "broadcaster": "BBC",
            "language": "English",
            "country": "UK",
            "region": "Europe",
            "bitrate": "128s",
            "format": "MP3",
            "geo_fenced": "No",
            "home_page": "",
            "reserved2": "NULL",
            "Match1": "BBC Radio 2",
            "Match2": "BBCOTHER",
            "Match3": "128s",
            "Match Chk": "BBC Radio 2"
        },
        {
            "id": 504,
            "station": "http://a.files.bbci.co.uk/media/live/manifesto/audio/simulcast/hls/uk/sbr_med/ak/bbc_radio_three.m3u8?station_name=BBC_Radio_3",
            "name": "BBC Radio 3",
            "type": "r",
            "logo": "local",
            "genre": "",
            "broadcaster": "BBC",
            "language": "English",
            "country": "UK",
            "region": "Europe",
            "bitrate": "320s",
            "format": "MP3",
            "geo_fenced": "No",
            "home_page": "",
            "reserved2": "NULL",
            "Match1": "BBC Radio 3",
            "Match2": "BBCOTHER",
            "Match3": "128s",
            "Match Chk": "BBC Radio 3"
        },
        {
            "id": 505,
            "station": "http://a.files.bbci.co.uk/media/live/manifesto/audio/simulcast/hls/uk/sbr_med/ak/bbc_radio_fourfm.m3u8?station_name=BBC_Radio_4_(DAB)",
            "name": "BBC Radio 4 (DAB)",
            "type": "r",
            "logo": "local",
            "genre": "",
            "broadcaster": "BBC",
            "language": "English",
            "country": "UK",
            "region": "Europe",
            "bitrate": "128s",
            "format": "MP3",
            "geo_fenced": "No",
            "home_page": "",
            "reserved2": "NULL",
            "Match1": "BBC Radio 4 (DAB)",
            "Match2": "BBCOTHER",
            "Match3": "128s",
            "Match Chk": "BBC Radio 4 (DAB)"
        },
        {
            "id": 506,
            "station": "http://a.files.bbci.co.uk/media/live/manifesto/audio/simulcast/hls/uk/sbr_med/ak/bbc_radio_fourlw.m3u8?station_name=BBC_Radio_4_(LW)",
            "name": "BBC Radio 4 (LW)",
            "type": "r",
            "logo": "local",
            "genre": "",
            "broadcaster": "BBC",
            "language": "English",
            "country": "UK",
            "region": "Europe",
            "bitrate": "128s",
            "format": "MP3",
            "geo_fenced": "No",
            "home_page": "",
            "reserved2": "NULL",
            "Match1": "BBC Radio 4 (LW)",
            "Match2": "BBCOTHER",
            "Match3": "128s",
            "Match Chk": "BBC Radio 4 (LW)"
        },
        {
            "id": 507,
            "station": "http://a.files.bbci.co.uk/media/live/manifesto/audio/simulcast/hls/uk/sbr_med/ak/bbc_radio_four_extra.m3u8?station_name=BBC_Radio_4_Extra",
            "name": "BBC Radio 4 Extra",
            "type": "r",
            "logo": "local",
            "genre": "",
            "broadcaster": "BBC",
            "language": "English",
            "country": "UK",
            "region": "Europe",
            "bitrate": "128s",
            "format": "MP3",
            "geo_fenced": "No",
            "home_page": "",
            "reserved2": "NULL",
            "Match1": "BBC Radio 4 Extra",
            "Match2": "BBCOTHER",
            "Match3": "128s",
            "Match Chk": "BBC Radio 4 Extra"
        },
        {
            "id": 508,
            "station": "http://a.files.bbci.co.uk/media/live/manifesto/audio/simulcast/hls/uk/sbr_med/ak/bbc_radio_five_live.m3u8?station_name=BBC_Radio_5_Live",
            "name": "BBC Radio 5 Live",
            "type": "r",
            "logo": "local",
            "genre": "",
            "broadcaster": "BBC",
            "language": "English",
            "country": "UK",
            "region": "Europe",
            "bitrate": "128s",
            "format": "MP3",
            "geo_fenced": "No",
            "home_page": "",
            "reserved2": "NULL",
            "Match1": "BBC Radio 5 Live",
            "Match2": "BBCOTHER",
            "Match3": "128s",
            "Match Chk": "BBC Radio 5 Live"
        },
        {
            "id": 509,
            "station": "http://a.files.bbci.co.uk/media/live/manifesto/audio/simulcast/hls/uk/sbr_med/ak/bbc_radio_five_live_sports_extra.m3u8?station_name=BBC_Radio_5_Sports_Extra",
            "name": "BBC Radio 5 Sports Extra",
            "type": "r",
            "logo": "local",
            "genre": "",
            "broadcaster": "BBC",
            "language": "English",
            "country": "UK",
            "region": "Europe",
            "bitrate": "128s",
            "format": "MP3",
            "geo_fenced": "No",
            "home_page": "",
            "reserved2": "NULL",
            "Match1": "BBC Radio 5 Sports Extra",
            "Match2": "BBCOTHER",
            "Match3": "128s",
            "Match Chk": "BBC Radio 5 Sports Extra"
        },
        {
            "id": 510,
            "station": "http://a.files.bbci.co.uk/media/live/manifesto/audio/simulcast/hls/uk/sbr_med/ak/bbc_6music.m3u8?station_name=BBC_Radio_6_Music",
            "name": "BBC Radio 6 Music",
            "type": "r",
            "logo": "local",
            "genre": "",
            "broadcaster": "BBC",
            "language": "English",
            "country": "UK",
            "region": "Europe",
            "bitrate": "128s",
            "format": "MP3",
            "geo_fenced": "No",
            "home_page": "",
            "reserved2": "NULL",
            "Match1": "BBC Radio 6 Music",
            "Match2": "BBCOTHER",
            "Match3": "128s",
            "Match Chk": "BBC Radio 6 Music"
        },
        {
            "id": 511,
            "station": "http://a.files.bbci.co.uk/media/live/manifesto/audio/simulcast/hls/uk/sbr_med/ak/bbc_radio_cumbria.m3u8?station_name=BBC_Radio_Cumbria_(FM)",
            "name": "BBC Radio Cumbria (FM)",
            "type": "r",
            "logo": "local",
            "genre": "",
            "broadcaster": "BBC",
            "language": "English",
            "country": "UK",
            "region": "Europe",
            "bitrate": "128s",
            "format": "MP3",
            "geo_fenced": "No",
            "home_page": "",
            "reserved2": "NULL",
            "Match1": "BBC Radio Cumbria (FM)",
            "Match2": "BBCOTHER",
            "Match3": "128s",
            "Match Chk": "BBC Radio Cumbria (FM)"
        },
        {
            "id": 512,
            "station": "http://a.files.bbci.co.uk/media/live/manifesto/audio/simulcast/hls/uk/sbr_med/ak/bbc_radio_lancashire.m3u8?station_name=BBC_Radio_Lancashire",
            "name": "BBC Radio Lancashire",
            "type": "r",
            "logo": "local",
            "genre": "",
            "broadcaster": "BBC",
            "language": "English",
            "country": "UK",
            "region": "Europe",
            "bitrate": "128s",
            "format": "MP3",
            "geo_fenced": "No",
            "home_page": "",
            "reserved2": "NULL",
            "Match1": "BBC Radio Lancashire",
            "Match2": "BBCOTHER",
            "Match3": "128s",
            "Match Chk": "BBC Radio Lancashire"
        },
        {
            "id": 513,
            "station": "http://a.files.bbci.co.uk/media/live/manifesto/audio/simulcast/hls/uk/sbr_med/ak/bbc_london.m3u8?station_name=BBC_Radio_London_(FM)",
            "name": "BBC Radio London (FM)",
            "type": "r",
            "logo": "local",
            "genre": "",
            "broadcaster": "BBC",
            "language": "English",
            "country": "UK",
            "region": "Europe",
            "bitrate": "128s",
            "format": "MP3",
            "geo_fenced": "No",
            "home_page": "",
            "reserved2": "NULL",
            "Match1": "BBC Radio London (FM)",
            "Match2": "BBCOTHER",
            "Match3": "128s",
            "Match Chk": "BBC Radio London (FM)"
        },
        {
            "id": 514,
            "station": "http://a.files.bbci.co.uk/media/live/manifesto/audio/simulcast/hls/uk/sbr_med/ak/bbc_radio_manchester.m3u8?station_name=BBC_Radio_Manchester_(DAB)",
            "name": "BBC Radio Manchester (DAB)",
            "type": "r",
            "logo": "local",
            "genre": "",
            "broadcaster": "BBC",
            "language": "English",
            "country": "UK",
            "region": "Europe",
            "bitrate": "128s",
            "format": "MP3",
            "geo_fenced": "No",
            "home_page": "",
            "reserved2": "NULL",
            "Match1": "BBC Radio Manchester (DAB)",
            "Match2": "BBCOTHER",
            "Match3": "128s",
            "Match Chk": "BBC Radio Manchester (DAB)"
        },
        {
            "id": 515,
            "station": "http://149.255.59.162:8128/stream?station_name=CandoFM",
            "name": "CandoFM",
            "type": "r",
            "logo": "local",
            "genre": "",
            "broadcaster": " ",
            "language": "English",
            "country": "UK",
            "region": "Europe",
            "bitrate": "48s",
            "format": "MP3",
            "geo_fenced": "No",
            "home_page": "",
            "reserved2": "NULL",
            "Match1": "CandoFM",
            "Match2": "ACC",
            "Match3": "48s",
            "Match Chk": "CandoFM"
        },
        {
            "id": 516,
            "station": "http://icecast.thisisdax.com/CapitalUK?station_name=Capital_(UK)",
            "name": "Capital (UK)",
            "type": "r",
            "logo": "local",
            "genre": "",
            "broadcaster": "Global",
            "language": "English",
            "country": "UK",
            "region": "Europe",
            "bitrate": "48s",
            "format": "MP3",
            "geo_fenced": "No",
            "home_page": "",
            "reserved2": "NULL",
            "Match1": "Capital (UK)",
            "Match2": "ACC",
            "Match3": "48s",
            "Match Chk": "Capital (UK)"
        },
        {
            "id": 517,
            "station": "http://icecast.thisisdax.com/CapitalDance?station_name=Capital_Dance",
            "name": "Capital Dance",
            "type": "r",
            "logo": "local",
            "genre": "",
            "broadcaster": "Global",
            "language": "English",
            "country": "UK",
            "region": "Europe",
            "bitrate": "48s",
            "format": "MP3",
            "geo_fenced": "No",
            "home_page": "",
            "reserved2": "NULL",
            "Match1": "Capital Dance",
            "Match2": "ACC",
            "Match3": "48s",
            "Match Chk": "Capital Dance"
        },
        {
            "id": 518,
            "station": "http://icecast.thisisdax.com/CapitalXTRANational?station_name=Capital_XTRA_(UK)",
            "name": "Capital XTRA (UK)",
            "type": "r",
            "logo": "local",
            "genre": "",
            "broadcaster": "Global",
            "language": "English",
            "country": "UK",
            "region": "Europe",
            "bitrate": "48s",
            "format": "MP3",
            "geo_fenced": "No",
            "home_page": "",
            "reserved2": "NULL",
            "Match1": "Capital XTRA (UK)",
            "Match2": "ACC",
            "Match3": "48s",
            "Match Chk": "Capital XTRA (UK)"
        },
        {
            "id": 519,
            "station": "http://icecast.thisisdax.com/CapitalXTRAReloaded?station_name=Capital_XTRA_Reloaded",
            "name": "Capital XTRA Reloaded",
            "type": "r",
            "logo": "local",
            "genre": "",
            "broadcaster": "Global",
            "language": "English",
            "country": "UK",
            "region": "Europe",
            "bitrate": "48s",
            "format": "MP3",
            "geo_fenced": "No",
            "home_page": "",
            "reserved2": "NULL",
            "Match1": "Capital XTRA Reloaded",
            "Match2": "ACC",
            "Match3": "48s",
            "Match Chk": "Capital XTRA Reloaded"
        },
        {
            "id": 520,
            "station": "http://icecast.thisisdax.com/ClassicFM?station_name=Classic_FM_(UK)",
            "name": "Classic FM (UK)",
            "type": "r",
            "logo": "local",
            "genre": "",
            "broadcaster": "Global",
            "language": "English",
            "country": "UK",
            "region": "Europe",
            "bitrate": "48s",
            "format": "MP3",
            "geo_fenced": "No",
            "home_page": "",
            "reserved2": "NULL",
            "Match1": "Classic FM (UK)",
            "Match2": "ACC",
            "Match3": "48s",
            "Match Chk": "Classic FM (UK)"
        },
        {
            "id": 521,
            "station": "http://edge-bauerall-01-gos2.sharp-stream.com/forth1.mp3?station_name=Forth_1",
            "name": "Forth 1",
            "type": "r",
            "logo": "local",
            "genre": "",
            "broadcaster": "Bauer Media",
            "language": "English",
            "country": "UK",
            "region": "Europe",
            "bitrate": "112s",
            "format": "MP3",
            "geo_fenced": "No",
            "home_page": "",
            "reserved2": "NULL",
            "Match1": "Forth 1",
            "Match2": "MP3",
            "Match3": "112s",
            "Match Chk": "Forth 1"
        },
        {
            "id": 522,
            "station": "http://edge-bauerall-01-gos2.sharp-stream.com/forth2.mp3?station_name=Forth_2",
            "name": "Forth 2",
            "type": "r",
            "logo": "local",
            "genre": "",
            "broadcaster": "Bauer Media",
            "language": "English",
            "country": "UK",
            "region": "Europe",
            "bitrate": "112s",
            "format": "MP3",
            "geo_fenced": "No",
            "home_page": "",
            "reserved2": "NULL",
            "Match1": "Forth 2",
            "Match2": "MP3",
            "Match3": "112s",
            "Match Chk": "Forth 2"
        },
        {
            "id": 523,
            "station": "http://icecast.thisisdax.com/Gold?station_name=Gold",
            "name": "Gold",
            "type": "r",
            "logo": "local",
            "genre": "",
            "broadcaster": "Global",
            "language": "English",
            "country": "UK",
            "region": "Europe",
            "bitrate": "48s",
            "format": "MP3",
            "geo_fenced": "No",
            "home_page": "",
            "reserved2": "NULL",
            "Match1": "Gold",
            "Match2": "ACC",
            "Match3": "48s",
            "Match Chk": "Gold"
        },
        {
            "id": 524,
            "station": "http://icecast.thisisdax.com/HeartNorthLancsCumbria?station_name=Heart_(North_West_England)_(North_Lancashire_and_Cumbria)",
            "name": "Heart (North West England) (North Lancashire & Cumbria)",
            "type": "r",
            "logo": "local",
            "genre": "",
            "broadcaster": "Global",
            "language": "English",
            "country": "UK",
            "region": "Europe",
            "bitrate": "48s",
            "format": "MP3",
            "geo_fenced": "No",
            "home_page": "",
            "reserved2": "NULL",
            "Match1": "Heart (North West England) (North Lancashire & Cumbria)",
            "Match2": "ACC",
            "Match3": "48s",
            "Match Chk": "Heart (North West England) (North Lancashire & Cumbria)"
        },
        {
            "id": 525,
            "station": "http://icecast.thisisdax.com/HeartUK?station_name=Heart_(UK)",
            "name": "Heart (UK)",
            "type": "r",
            "logo": "local",
            "genre": "",
            "broadcaster": "Global",
            "language": "English",
            "country": "UK",
            "region": "Europe",
            "bitrate": "48s",
            "format": "MP3",
            "geo_fenced": "No",
            "home_page": "",
            "reserved2": "NULL",
            "Match1": "Heart (UK)",
            "Match2": "ACC",
            "Match3": "48s",
            "Match Chk": "Heart (UK)"
        },
        {
            "id": 526,
            "station": "http://icecast.thisisdax.com/Heart00s?station_name=Heart_00s",
            "name": "Heart 00s",
            "type": "r",
            "logo": "local",
            "genre": "",
            "broadcaster": "Global",
            "language": "English",
            "country": "UK",
            "region": "Europe",
            "bitrate": "48s",
            "format": "MP3",
            "geo_fenced": "No",
            "home_page": "",
            "reserved2": "NULL",
            "Match1": "Heart 00s",
            "Match2": "ACC",
            "Match3": "48s",
            "Match Chk": "Heart 00s"
        },
        {
            "id": 527,
            "station": "http://icecast.thisisdax.com/Heart70s?station_name=Heart_70s",
            "name": "Heart 70s",
            "type": "r",
            "logo": "local",
            "genre": "",
            "broadcaster": "Global",
            "language": "English",
            "country": "UK",
            "region": "Europe",
            "bitrate": "48s",
            "format": "MP3",
            "geo_fenced": "No",
            "home_page": "",
            "reserved2": "NULL",
            "Match1": "Heart 70s",
            "Match2": "ACC",
            "Match3": "48s",
            "Match Chk": "Heart 70s"
        },
        {
            "id": 528,
            "station": "http://icecast.thisisdax.com/Heart80s?station_name=Heart_80s",
            "name": "Heart 80s",
            "type": "r",
            "logo": "local",
            "genre": "",
            "broadcaster": "Global",
            "language": "English",
            "country": "UK",
            "region": "Europe",
            "bitrate": "48s",
            "format": "MP3",
            "geo_fenced": "No",
            "home_page": "",
            "reserved2": "NULL",
            "Match1": "Heart 80s",
            "Match2": "ACC",
            "Match3": "48s",
            "Match Chk": "Heart 80s"
        },
        {
            "id": 529,
            "station": "http://icecast.thisisdax.com/Heart90s?station_name=Heart_90s",
            "name": "Heart 90s",
            "type": "r",
            "logo": "local",
            "genre": "",
            "broadcaster": "Global",
            "language": "English",
            "country": "UK",
            "region": "Europe",
            "bitrate": "48s",
            "format": "MP3",
            "geo_fenced": "No",
            "home_page": "",
            "reserved2": "NULL",
            "Match1": "Heart 90s",
            "Match2": "ACC",
            "Match3": "48s",
            "Match Chk": "Heart 90s"
        },
        {
            "id": 530,
            "station": "http://icecast.thisisdax.com/HeartDance?station_name=Heart_Dance",
            "name": "Heart Dance",
            "type": "r",
            "logo": "local",
            "genre": "",
            "broadcaster": "Global",
            "language": "English",
            "country": "UK",
            "region": "Europe",
            "bitrate": "48s",
            "format": "MP3",
            "geo_fenced": "No",
            "home_page": "",
            "reserved2": "NULL",
            "Match1": "Heart Dance",
            "Match2": "ACC",
            "Match3": "48s",
            "Match Chk": "Heart Dance"
        },
        {
            "id": 531,
            "station": "http://icecast.thisisdax.com/HeartXmas?station_name=Heart_Xmas",
            "name": "Heart Xmas",
            "type": "r",
            "logo": "local",
            "genre": "",
            "broadcaster": "Global",
            "language": "English",
            "country": "UK",
            "region": "Europe",
            "bitrate": "48s",
            "format": "MP3",
            "geo_fenced": "No",
            "home_page": "",
            "reserved2": "NULL",
            "Match1": "Heart Xmas",
            "Match2": "ACC",
            "Match3": "48s",
            "Match Chk": "Heart Xmas"
        },
        {
            "id": 532,
            "station": "https://streamer.radio.co:80/sf97bc756a/listen?station_name=Lake_District_Radio",
            "name": "Lake District Radio",
            "type": "r",
            "logo": "local",
            "genre": "",
            "broadcaster": " ",
            "language": "English",
            "country": "UK",
            "region": "Europe",
            "bitrate": "48s",
            "format": "MP3",
            "geo_fenced": "No",
            "home_page": "",
            "reserved2": "NULL",
            "Match1": "Lake District Radio",
            "Match2": "ACC",
            "Match3": "48s",
            "Match Chk": "Lake District Radio"
        },
        {
            "id": 533,
            "station": "http://media-the.musicradio.com:80/LBCUK?station_name=LBC_(UK)",
            "name": "LBC (UK)",
            "type": "r",
            "logo": "local",
            "genre": "",
            "broadcaster": "Global",
            "language": "English",
            "country": "UK",
            "region": "Europe",
            "bitrate": "48s",
            "format": "MP3",
            "geo_fenced": "No",
            "home_page": "",
            "reserved2": "NULL",
            "Match1": "LBC (UK)",
            "Match2": "moode-ACC",
            "Match3": "48s",
            "Match Chk": "LBC (UK)"
        },
        {
            "id": 534,
            "station": "http://media-the.musicradio.com:80/LBCNewsUK?station_name=LBC_News_(UK)",
            "name": "LBC News (UK)",
            "type": "r",
            "logo": "local",
            "genre": "",
            "broadcaster": "Global",
            "language": "English",
            "country": "UK",
            "region": "Europe",
            "bitrate": "48s",
            "format": "MP3",
            "geo_fenced": "No",
            "home_page": "",
            "reserved2": "NULL",
            "Match1": "LBC News (UK)",
            "Match2": "moode-ACC",
            "Match3": "48s",
            "Match Chk": "LBC News (UK)"
        },
        {
            "id": 535,
            "station": "http://stream.radioparadise.com/mp3-192?station_name=Radio_Paradise",
            "name": "Radio Paradise",
            "type": "r",
            "logo": "local",
            "genre": "",
            "broadcaster": " ",
            "language": "English",
            "country": "UK",
            "region": "Europe",
            "bitrate": "192s",
            "format": "MP3",
            "geo_fenced": "No",
            "home_page": "",
            "reserved2": "NULL",
            "Match1": "Radio Paradise",
            "Match2": "MP3",
            "Match3": "192s",
            "Match Chk": "Radio Paradise"
        },
        {
            "id": 536,
            "station": "http://icecast.thisisdax.com/RadioXUK?station_name=Radio_X_(UK)",
            "name": "Radio X (UK)",
            "type": "r",
            "logo": "local",
            "genre": "",
            "broadcaster": "Global",
            "language": "English",
            "country": "UK",
            "region": "Europe",
            "bitrate": "48s",
            "format": "MP3",
            "geo_fenced": "No",
            "home_page": "",
            "reserved2": "NULL",
            "Match1": "Radio X (UK)",
            "Match2": "ACC",
            "Match3": "48s",
            "Match Chk": "Radio X (UK)"
        },
        {
            "id": 537,
            "station": "http://edge-bauerall-01-gos2.sharp-stream.com/rock.mp3?station_name=Rock_FM",
            "name": "Rock FM",
            "type": "r",
            "logo": "local",
            "genre": "",
            "broadcaster": "Bauer Media",
            "language": "English",
            "country": "UK",
            "region": "Europe",
            "bitrate": "112s",
            "format": "MP3",
            "geo_fenced": "No",
            "home_page": "",
            "reserved2": "NULL",
            "Match1": "Rock FM",
            "Match2": "MP3",
            "Match3": "112s",
            "Match Chk": "Rock FM"
        },
        {
            "id": 538,
            "station": "http://icecast.thisisdax.com/SmoothChill?station_name=Smooth_Chill",
            "name": "Smooth Chill",
            "type": "r",
            "logo": "local",
            "genre": "",
            "broadcaster": "Global",
            "language": "English",
            "country": "UK",
            "region": "Europe",
            "bitrate": "48s",
            "format": "MP3",
            "geo_fenced": "No",
            "home_page": "",
            "reserved2": "NULL",
            "Match1": "Smooth Chill",
            "Match2": "ACC",
            "Match3": "48s",
            "Match Chk": "Smooth Chill"
        },
        {
            "id": 539,
            "station": "http://icecast.thisisdax.com/SmoothCountry?station_name=Smooth_Country",
            "name": "Smooth Country",
            "type": "r",
            "logo": "local",
            "genre": "",
            "broadcaster": "Global",
            "language": "English",
            "country": "UK",
            "region": "Europe",
            "bitrate": "48s",
            "format": "MP3",
            "geo_fenced": "No",
            "home_page": "",
            "reserved2": "NULL",
            "Match1": "Smooth Country",
            "Match2": "ACC",
            "Match3": "48s",
            "Match Chk": "Smooth Country"
        },
        {
            "id": 540,
            "station": "http://icecast.thisisdax.com/SmoothLakeDistrict?station_name=Smooth_Radio_(Lake_District)",
            "name": "Smooth Radio (Lake District)",
            "type": "r",
            "logo": "local",
            "genre": "",
            "broadcaster": "Global",
            "language": "English",
            "country": "UK",
            "region": "Europe",
            "bitrate": "48s",
            "format": "MP3",
            "geo_fenced": "No",
            "home_page": "",
            "reserved2": "NULL",
            "Match1": "Smooth Radio (Lake District)",
            "Match2": "ACC",
            "Match3": "48s",
            "Match Chk": "Smooth Radio (Lake District)"
        },
        {
            "id": 541,
            "station": "http://icecast.thisisdax.com/SmoothUK?station_name=Smooth_Radio_(UK)",
            "name": "Smooth Radio (UK)",
            "type": "r",
            "logo": "local",
            "genre": "",
            "broadcaster": "Global",
            "language": "English",
            "country": "UK",
            "region": "Europe",
            "bitrate": "48s",
            "format": "MP3",
            "geo_fenced": "No",
            "home_page": "",
            "reserved2": "NULL",
            "Match1": "Smooth Radio (UK)",
            "Match2": "ACC",
            "Match3": "48s",
            "Match Chk": "Smooth Radio (UK)"
        },
        {
            "id": 542,
            "station": "http://radio.talkradio.co.uk/stream-mobile?ref=rf&station_name=TalkRadio",
            "name": "TalkRadio",
            "type": "r",
            "logo": "local",
            "genre": "",
            "broadcaster": "Wireless",
            "language": "English",
            "country": "UK",
            "region": "Europe",
            "bitrate": "32m",
            "format": "MP3",
            "geo_fenced": "No",
            "home_page": "",
            "reserved2": "NULL",
            "Match1": "TalkRadio",
            "Match2": "ACC",
            "Match3": "32m",
            "Match Chk": "TalkRadio"
        },
        {
            "id": 543,
            "station": "http://radio.talksport.com/stream-mobile?ref=rf&station_name=talkSPORT_(UK)",
            "name": "talkSPORT (UK)",
            "type": "r",
            "logo": "local",
            "genre": "",
            "broadcaster": "Wireless",
            "language": "English",
            "country": "UK",
            "region": "Europe",
            "bitrate": "32m",
            "format": "MP3",
            "geo_fenced": "No",
            "home_page": "",
            "reserved2": "NULL",
            "Match1": "talkSPORT (UK)",
            "Match2": "ACC",
            "Match3": "32m",
            "Match Chk": "talkSPORT (UK)"
        },
        {
            "id": 544,
            "station": "http://radio.talksport.com/stream2?ref=rf&station_name=talkSPORT_2",
            "name": "talkSPORT 2",
            "type": "r",
            "logo": "local",
            "genre": "",
            "broadcaster": "Wireless",
            "language": "English",
            "country": "UK",
            "region": "Europe",
            "bitrate": "128s",
            "format": "MP3",
            "geo_fenced": "No",
            "home_page": "",
            "reserved2": "NULL",
            "Match1": "talkSPORT 2",
            "Match2": "MP3",
            "Match3": "128s",
            "Match Chk": "talkSPORT 2"
        },
        {
            "id": 545,
            "station": "http://radio.virginradio.co.uk/stream?ref=rf&station_name=Virgin_Radio",
            "name": "Virgin Radio",
            "type": "r",
            "logo": "local",
            "genre": "",
            "broadcaster": "Wireless",
            "language": "English",
            "country": "UK",
            "region": "Europe",
            "bitrate": "128s",
            "format": "MP3",
            "geo_fenced": "No",
            "home_page": "",
            "reserved2": "NULL",
            "Match1": "Virgin Radio",
            "Match2": "MP3",
            "Match3": "128s",
            "Match Chk": "Virgin Radio"
        },
        {
            "id": 546,
            "station": "http://radio.virginradio.co.uk/stream-pride?ref=rf&station_name=Virgin_Radio_80s_PLUS",
            "name": "Virgin Radio 80s PLUS",
            "type": "r",
            "logo": "local",
            "genre": "",
            "broadcaster": "Wireless",
            "language": "English",
            "country": "UK",
            "region": "Europe",
            "bitrate": "128s",
            "format": "MP3",
            "geo_fenced": "No",
            "home_page": "",
            "reserved2": "NULL",
            "Match1": "Virgin Radio 80s PLUS",
            "Match2": "MP3",
            "Match3": "128s",
            "Match Chk": "Virgin Radio 80s PLUS"
        },
        {
            "id": 547,
            "station": "http://radio.virginradio.co.uk/stream-anthems?ref=rf&station_name=Virgin_Radio_Anthems",
            "name": "Virgin Radio Anthems",
            "type": "r",
            "logo": "local",
            "genre": "",
            "broadcaster": "Wireless",
            "language": "English",
            "country": "UK",
            "region": "Europe",
            "bitrate": "128s",
            "format": "MP3",
            "geo_fenced": "No",
            "home_page": "",
            "reserved2": "NULL",
            "Match1": "Virgin Radio Anthems",
            "Match2": "MP3",
            "Match3": "128s",
            "Match Chk": "Virgin Radio Anthems"
        },
        {
            "id": 548,
            "station": "http://radio.virginradio.co.uk/stream-chilled?ref=rf&station_name=Virgin_Radio_Chilled",
            "name": "Virgin Radio Chilled",
            "type": "r",
            "logo": "local",
            "genre": "",
            "broadcaster": "Wireless",
            "language": "English",
            "country": "UK",
            "region": "Europe",
            "bitrate": "128s",
            "format": "MP3",
            "geo_fenced": "No",
            "home_page": "",
            "reserved2": "NULL",
            "Match1": "Virgin Radio Chilled",
            "Match2": "MP3",
            "Match3": "128s",
            "Match Chk": "Virgin Radio Chilled"
        },
        {
            "id": 549,
            "station": "http://edge-bauerall-01-gos2.sharp-stream.com/absoluteclassicrock.aac?station_name=Absolute_Classic_Rock",
            "name": "Absolute Classic Rock",
            "type": "r",
            "logo": "local",
            "genre": "",
            "broadcaster": "Bauer Media",
            "language": "English",
            "country": "UK",
            "region": "Europe",
            "bitrate": "48s",
            "format": "MP3",
            "geo_fenced": "No",
            "home_page": "",
            "reserved2": "NULL",
            "Match1": "Absolute Classic Rock",
            "Match2": "ACC-bauerall",
            "Match3": "48s",
            "Match Chk": "Absolute Classic Rock"
        },
        {
            "id": 550,
            "station": "http://edge-bauerall-01-gos2.sharp-stream.com/absoluteradio.aac?station_name=Absolute_Radio",
            "name": "Absolute Radio",
            "type": "r",
            "logo": "local",
            "genre": "",
            "broadcaster": "Bauer Media",
            "language": "English",
            "country": "UK",
            "region": "Europe",
            "bitrate": "48s",
            "format": "MP3",
            "geo_fenced": "No",
            "home_page": "",
            "reserved2": "NULL",
            "Match1": "Absolute Radio",
            "Match2": "ACC-bauerall",
            "Match3": "48s",
            "Match Chk": "Absolute Radio"
        },
        {
            "id": 551,
            "station": "http://edge-bauerall-01-gos2.sharp-stream.com/absolute00s.aac?station_name=Absolute_Radio_00s",
            "name": "Absolute Radio 00s",
            "type": "r",
            "logo": "local",
            "genre": "",
            "broadcaster": "Bauer Media",
            "language": "English",
            "country": "UK",
            "region": "Europe",
            "bitrate": "48s",
            "format": "MP3",
            "geo_fenced": "No",
            "home_page": "",
            "reserved2": "NULL",
            "Match1": "Absolute Radio 00s",
            "Match2": "ACC-bauerall",
            "Match3": "48s",
            "Match Chk": "Absolute Radio 00s"
        },
        {
            "id": 552,
            "station": "http://edge-bauerall-01-gos2.sharp-stream.com/absolute60s.aac?station_name=Absolute_Radio_60s",
            "name": "Absolute Radio 60s",
            "type": "r",
            "logo": "local",
            "genre": "",
            "broadcaster": "Bauer Media",
            "language": "English",
            "country": "UK",
            "region": "Europe",
            "bitrate": "48s",
            "format": "MP3",
            "geo_fenced": "No",
            "home_page": "",
            "reserved2": "NULL",
            "Match1": "Absolute Radio 60s",
            "Match2": "ACC-bauerall",
            "Match3": "48s",
            "Match Chk": "Absolute Radio 60s"
        },
        {
            "id": 553,
            "station": "http://edge-bauerall-01-gos2.sharp-stream.com/absolute70s.aac?station_name=Absolute_Radio_70s",
            "name": "Absolute Radio 70s",
            "type": "r",
            "logo": "local",
            "genre": "",
            "broadcaster": "Bauer Media",
            "language": "English",
            "country": "UK",
            "region": "Europe",
            "bitrate": "48s",
            "format": "MP3",
            "geo_fenced": "No",
            "home_page": "",
            "reserved2": "NULL",
            "Match1": "Absolute Radio 70s",
            "Match2": "ACC-bauerall",
            "Match3": "48s",
            "Match Chk": "Absolute Radio 70s"
        },
        {
            "id": 554,
            "station": "http://edge-bauerall-01-gos2.sharp-stream.com/absolute80s.aac?station_name=Absolute_Radio_80s",
            "name": "Absolute Radio 80s",
            "type": "r",
            "logo": "local",
            "genre": "",
            "broadcaster": "Bauer Media",
            "language": "English",
            "country": "UK",
            "region": "Europe",
            "bitrate": "48s",
            "format": "MP3",
            "geo_fenced": "No",
            "home_page": "",
            "reserved2": "NULL",
            "Match1": "Absolute Radio 80s",
            "Match2": "ACC-bauerall",
            "Match3": "48s",
            "Match Chk": "Absolute Radio 80s"
        },
        {
            "id": 555,
            "station": "http://edge-bauerall-01-gos2.sharp-stream.com/absolute90s.aac?station_name=Absolute_Radio_90s",
            "name": "Absolute Radio 90s",
            "type": "r",
            "logo": "local",
            "genre": "",
            "broadcaster": "Bauer Media",
            "language": "English",
            "country": "UK",
            "region": "Europe",
            "bitrate": "48s",
            "format": "MP3",
            "geo_fenced": "No",
            "home_page": "",
            "reserved2": "NULL",
            "Match1": "Absolute Radio 90s",
            "Match2": "ACC-bauerall",
            "Match3": "48s",
            "Match Chk": "Absolute Radio 90s"
        },
        {
            "id": 556,
            "station": "http://edge-bauerall-01-gos2.sharp-stream.com/countryhits.aac?station_name=Absolute_Radio_Country",
            "name": "Absolute Radio Country",
            "type": "r",
            "logo": "local",
            "genre": "",
            "broadcaster": "Bauer Media",
            "language": "English",
            "country": "UK",
            "region": "Europe",
            "bitrate": "48s",
            "format": "MP3",
            "geo_fenced": "No",
            "home_page": "",
            "reserved2": "NULL",
            "Match1": "Absolute Radio Country",
            "Match2": "ACC-bauerall",
            "Match3": "48s",
            "Match Chk": "Absolute Radio Country"
        },
        {
            "id": 557,
            "station": "http://edge-bauerall-01-gos2.sharp-stream.com/scala.aac?station_name=Scala_Radio",
            "name": "Scala Radio",
            "type": "r",
            "logo": "local",
            "genre": "",
            "broadcaster": "Bauer Media",
            "language": "English",
            "country": "UK",
            "region": "Europe",
            "bitrate": "48s",
            "format": "MP3",
            "geo_fenced": "No",
            "home_page": "",
            "reserved2": "NULL",
            "Match1": "Scala Radio",
            "Match2": "ACC-bauerall",
            "Match3": "48s",
            "Match Chk": "Scala Radio"
        },
        {
            "id": 558,
            "station": "http://edge-bauerall-01-gos2.sharp-stream.com/magic1054.aac?station_name=Magic_(London)",
            "name": "Magic (London)",
            "type": "r",
            "logo": "local",
            "genre": "",
            "broadcaster": "Bauer Media",
            "language": "English",
            "country": "UK",
            "region": "Europe",
            "bitrate": "48s",
            "format": "MP3",
            "geo_fenced": "No",
            "home_page": "",
            "reserved2": "NULL",
            "Match1": "Magic (London)",
            "Match2": "ACC-bauerall",
            "Match3": "48s",
            "Match Chk": "Magic (London)"
        },
        {
            "id": 559,
            "station": "http://edge-bauerall-01-gos2.sharp-stream.com/magicchilled.aac?station_name=Magic_Chilled",
            "name": "Magic Chilled",
            "type": "r",
            "logo": "local",
            "genre": "",
            "broadcaster": "Bauer Media",
            "language": "English",
            "country": "UK",
            "region": "Europe",
            "bitrate": "48s",
            "format": "MP3",
            "geo_fenced": "No",
            "home_page": "",
            "reserved2": "NULL",
            "Match1": "Magic Chilled",
            "Match2": "ACC-bauerall",
            "Match3": "48s",
            "Match Chk": "Magic Chilled"
        },
        {
            "id": 560,
            "station": "http://edge-bauerall-01-gos2.sharp-stream.com/magicsoul.aac?station_name=Magic_Soul",
            "name": "Magic Soul",
            "type": "r",
            "logo": "local",
            "genre": "",
            "broadcaster": "Bauer Media",
            "language": "English",
            "country": "UK",
            "region": "Europe",
            "bitrate": "48s",
            "format": "MP3",
            "geo_fenced": "No",
            "home_page": "",
            "reserved2": "NULL",
            "Match1": "Magic Soul",
            "Match2": "ACC-bauerall",
            "Match3": "48s",
            "Match Chk": "Magic Soul"
        },
        {
            "id": 561,
            "station": "http://edge-bauerall-01-gos2.sharp-stream.com/magicmellow.aac?station_name=Mellow_Magic",
            "name": "Mellow Magic",
            "type": "r",
            "logo": "local",
            "genre": "",
            "broadcaster": "Bauer Media",
            "language": "English",
            "country": "UK",
            "region": "Europe",
            "bitrate": "48s",
            "format": "MP3",
            "geo_fenced": "No",
            "home_page": "",
            "reserved2": "NULL",
            "Match1": "Mellow Magic",
            "Match2": "ACC-bauerall",
            "Match3": "48s",
            "Match Chk": "Mellow Magic"
        },
        {
            "id": 562,
            "station": "http://edge-bauerall-01-gos2.sharp-stream.com/heat.aac?station_name=heat_Radio",
            "name": "heat Radio",
            "type": "r",
            "logo": "local",
            "genre": "",
            "broadcaster": "Bauer Media",
            "language": "English",
            "country": "UK",
            "region": "Europe",
            "bitrate": "48s",
            "format": "MP3",
            "geo_fenced": "No",
            "home_page": "",
            "reserved2": "NULL",
            "Match1": "heat Radio",
            "Match2": "ACC-bauerall",
            "Match3": "48s",
            "Match Chk": "heat Radio"
        },
        {
            "id": 563,
            "station": "http://edge-bauerall-01-gos2.sharp-stream.com/jazz.aac?station_name=Jazz_FM",
            "name": "Jazz FM",
            "type": "r",
            "logo": "local",
            "genre": "",
            "broadcaster": "Bauer Media",
            "language": "English",
            "country": "UK",
            "region": "Europe",
            "bitrate": "48s",
            "format": "MP3",
            "geo_fenced": "No",
            "home_page": "",
            "reserved2": "NULL",
            "Match1": "Jazz FM",
            "Match2": "ACC-bauerall",
            "Match3": "48s",
            "Match Chk": "Jazz FM"
        },
        {
            "id": 564,
            "station": "http://edge-bauerall-01-gos2.sharp-stream.com/kerrang.aac?station_name=Kerrang!_Radio",
            "name": "Kerrang! Radio",
            "type": "r",
            "logo": "local",
            "genre": "",
            "broadcaster": "Bauer Media",
            "language": "English",
            "country": "UK",
            "region": "Europe",
            "bitrate": "48s",
            "format": "MP3",
            "geo_fenced": "No",
            "home_page": "",
            "reserved2": "NULL",
            "Match1": "Kerrang! Radio",
            "Match2": "ACC-bauerall",
            "Match3": "48s",
            "Match Chk": "Kerrang! Radio"
        },
        {
            "id": 565,
            "station": "http://edge-bauerall-01-gos2.sharp-stream.com/kissnational.aac?station_name=KISS_(UK)",
            "name": "KISS (UK)",
            "type": "r",
            "logo": "local",
            "genre": "",
            "broadcaster": "Bauer Media",
            "language": "English",
            "country": "UK",
            "region": "Europe",
            "bitrate": "48s",
            "format": "MP3",
            "geo_fenced": "No",
            "home_page": "",
            "reserved2": "NULL",
            "Match1": "KISS (UK)",
            "Match2": "ACC-bauerall",
            "Match3": "48s",
            "Match Chk": "KISS (UK)"
        },
        {
            "id": 566,
            "station": "http://edge-bauerall-01-gos2.sharp-stream.com/kissfresh.aac?station_name=KISS_FRESH",
            "name": "KISS FRESH",
            "type": "r",
            "logo": "local",
            "genre": "",
            "broadcaster": "Bauer Media",
            "language": "English",
            "country": "UK",
            "region": "Europe",
            "bitrate": "48s",
            "format": "MP3",
            "geo_fenced": "No",
            "home_page": "",
            "reserved2": "NULL",
            "Match1": "KISS FRESH",
            "Match2": "ACC-bauerall",
            "Match3": "48s",
            "Match Chk": "KISS FRESH"
        },
        {
            "id": 567,
            "station": "http://edge-bauerall-01-gos2.sharp-stream.com/kisstory.aac?station_name=KISSTORY",
            "name": "KISSTORY",
            "type": "r",
            "logo": "local",
            "genre": "",
            "broadcaster": "Bauer Media",
            "language": "English",
            "country": "UK",
            "region": "Europe",
            "bitrate": "48s",
            "format": "MP3",
            "geo_fenced": "No",
            "home_page": "",
            "reserved2": "NULL",
            "Match1": "KISSTORY",
            "Match2": "ACC-bauerall",
            "Match3": "48s",
            "Match Chk": "KISSTORY"
        },
        {
            "id": 568,
            "station": "http://edge-bauerall-01-gos2.sharp-stream.com/planetrock.aac?station_name=Planet_Rock",
            "name": "Planet Rock",
            "type": "r",
            "logo": "local",
            "genre": "",
            "broadcaster": "Bauer Media",
            "language": "English",
            "country": "UK",
            "region": "Europe",
            "bitrate": "48s",
            "format": "MP3",
            "geo_fenced": "No",
            "home_page": "",
            "reserved2": "NULL",
            "Match1": "Planet Rock",
            "Match2": "ACC-bauerall",
            "Match3": "48s",
            "Match Chk": "Planet Rock"
        },
        {
            "id": 569,
            "station": "http://edge-bauerall-01-gos2.sharp-stream.com/net2cumbria.aac?station_name=Greatest_Hits_Radio_(North_West)_(Cumbria)",
            "name": "Greatest Hits Radio (North West) (Cumbria)",
            "type": "r",
            "logo": "local",
            "genre": "",
            "broadcaster": "Bauer Media",
            "language": "English",
            "country": "UK",
            "region": "Europe",
            "bitrate": "48s",
            "format": "MP3",
            "geo_fenced": "No",
            "home_page": "",
            "reserved2": "NULL",
            "Match1": "Greatest Hits Radio (North West) (Cumbria)",
            "Match2": "ACC-bauerall",
            "Match3": "48s",
            "Match Chk": "Greatest Hits Radio (North West) (Cumbria)"
        },
        {
            "id": 570,
            "station": "http://edge-bauerall-01-gos2.sharp-stream.com/key.aac?station_name=Hits_Radio_(Manchester)",
            "name": "Hits Radio (Manchester)",
            "type": "r",
            "logo": "local",
            "genre": "",
            "broadcaster": "Bauer Media",
            "language": "English",
            "country": "UK",
            "region": "Europe",
            "bitrate": "48s",
            "format": "MP3",
            "geo_fenced": "No",
            "home_page": "",
            "reserved2": "NULL",
            "Match1": "Hits Radio (Manchester)",
            "Match2": "ACC-bauerall",
            "Match3": "48s",
            "Match Chk": "Hits Radio (Manchester)"
        },
        {
            "id": 571,
            "station": "http://edge-bauerall-01-gos2.sharp-stream.com/hits.aac?station_name=Hits_Radio_(UK)",
            "name": "Hits Radio (UK)",
            "type": "r",
            "logo": "local",
            "genre": "",
            "broadcaster": "Bauer Media",
            "language": "English",
            "country": "UK",
            "region": "Europe",
            "bitrate": "48s",
            "format": "MP3",
            "geo_fenced": "No",
            "home_page": "",
            "reserved2": "NULL",
            "Match1": "Hits Radio (UK)",
            "Match2": "ACC-bauerall",
            "Match3": "48s",
            "Match Chk": "Hits Radio (UK)"
        },
        {
            "id": 572,
            "station": "http://edge-bauerall-01-gos2.sharp-stream.com/hitsradiopride.aac?station_name=Hits_Radio_Pride",
            "name": "Hits Radio Pride",
            "type": "r",
            "logo": "local",
            "genre": "",
            "broadcaster": "Bauer Media",
            "language": "English",
            "country": "UK",
            "region": "Europe",
            "bitrate": "48s",
            "format": "MP3",
            "geo_fenced": "No",
            "home_page": "",
            "reserved2": "NULL",
            "Match1": "Hits Radio Pride",
            "Match2": "ACC-bauerall",
            "Match3": "48s",
            "Match Chk": "Hits Radio Pride"
        },
        {
            "id": 573,
            "station": "http://a.files.bbci.co.uk/media/live/manifesto/audio/simulcast/hls/uk/sbr_med/ak/bbc_radio_one_dance.m3u8?station_name=BBC_Radio_1_Dance",
            "name": "BBC Radio 1 Dance",
            "type": "r",
            "logo": "local",
            "genre": "",
            "broadcaster": "BBC",
            "language": "English",
            "country": "UK",
            "region": "Europe",
            "bitrate": "128s",
            "format": "MP3",
            "geo_fenced": "No",
            "home_page": "NULL",
            "reserved2": "NULL",
            "Match1": "BBC Radio 1 Dance",
            "Match2": "BBCOTHER",
            "Match3": "128s",
            "Match Chk": "BBC Radio 1 Dance"
        },
        {
            "id": 574,
            "station": "http://a.files.bbci.co.uk/media/live/manifesto/audio/simulcast/hls/uk/sbr_med/ak/bbc_radio_one_relax.m3u8?station_name=BBC_Radio_1_Relax",
            "name": "BBC Radio 1 Relax",
            "type": "r",
            "logo": "local",
            "genre": "",
            "broadcaster": "BBC",
            "language": "English",
            "country": "UK",
            "region": "Europe",
            "bitrate": "128s",
            "format": "MP3",
            "geo_fenced": "No",
            "home_page": "NULL",
            "reserved2": "NULL",
            "Match1": "BBC Radio 1 Relax",
            "Match2": "BBCOTHER",
            "Match3": "128s",
            "Match Chk": "BBC Radio 1 Relax"
        },
        {
            "id": 575,
            "station": "http://listen-boomradio.sharp-stream.com/65_boom_radio_live_48?ref=RF&station_name=Boom_Radio",
            "name": "Boom Radio",
            "type": "r",
            "logo": "local",
            "genre": "",
            "broadcaster": "Aiir",
            "language": "English",
            "country": "UK",
            "region": "Europe",
            "bitrate": "48s",
            "format": "MP3",
            "geo_fenced": "No",
            "home_page": "",
            "reserved2": "NULL",
            "Match1": "Boom Radio",
            "Match2": "ACC",
            "Match3": "48s",
            "Match Chk": "Boom Radio"
        },
        {
            "id": 576,
            "station": "http://listen-boomradio.sharp-stream.com/65_boom_light_48_aac?ref=RF&station_name=Boom_Light",
            "name": "Boom Light",
            "type": "r",
            "logo": "local",
            "genre": "",
            "broadcaster": "Aiir",
            "language": "English",
            "country": "UK",
            "region": "Europe",
            "bitrate": "48s",
            "format": "MP3",
            "geo_fenced": "No",
            "home_page": "",
            "reserved2": "NULL",
            "Match1": "Boom Light",
            "Match2": "ACC",
            "Match3": "48s",
            "Match Chk": "Boom Light"
        },
        {
            "id": 577,
            "station": "http://edge-bauerall-01-gos2.sharp-stream.com/cfm.aac?station_name=CFM_(East)",
            "name": "CFM (East)",
            "type": "r",
            "logo": "local",
            "genre": "",
            "broadcaster": "Bauer Media",
            "language": "English",
            "country": "UK",
            "region": "Europe",
            "bitrate": "48s",
            "format": "MP3",
            "geo_fenced": "No",
            "home_page": "",
            "reserved2": "NULL",
            "Match1": "CFM (East)",
            "Match2": "ACC-bauerall",
            "Match3": "48s",
            "Match Chk": "CFM (East)"
        },
        {
            "id": 578,
            "station": "http://edge-bauerall-01-gos2.sharp-stream.com/clyde1.aac?station_name=Clyde_1",
            "name": "Clyde 1",
            "type": "r",
            "logo": "local",
            "genre": "",
            "broadcaster": "Bauer Media",
            "language": "English",
            "country": "UK",
            "region": "Europe",
            "bitrate": "48s",
            "format": "MP3",
            "geo_fenced": "No",
            "home_page": "",
            "reserved2": "NULL",
            "Match1": "Clyde 1",
            "Match2": "ACC-bauerall",
            "Match3": "48s",
            "Match Chk": "Clyde 1"
        },
        {
            "id": 579,
            "station": "http://edge-bauerall-01-gos2.sharp-stream.com/clyde2.aac?station_name=Clyde_2",
            "name": "Clyde 2",
            "type": "r",
            "logo": "local",
            "genre": "",
            "broadcaster": "Bauer Media",
            "language": "English",
            "country": "UK",
            "region": "Europe",
            "bitrate": "48s",
            "format": "MP3",
            "geo_fenced": "No",
            "home_page": "",
            "reserved2": "NULL",
            "Match1": "Clyde 2",
            "Match2": "ACC-bauerall",
            "Match3": "48s",
            "Match Chk": "Clyde 2"
        },
        {
            "id": 580,
            "station": "http://edge-bauerall-01-gos2.sharp-stream.com/coolfm.aac?station_name=Cool_FM",
            "name": "Cool FM",
            "type": "r",
            "logo": "local",
            "genre": "",
            "broadcaster": "Bauer Media",
            "language": "English",
            "country": "UK",
            "region": "Europe",
            "bitrate": "48s",
            "format": "MP3",
            "geo_fenced": "No",
            "home_page": "",
            "reserved2": "NULL",
            "Match1": "Cool FM",
            "Match2": "ACC-bauerall",
            "Match3": "48s",
            "Match Chk": "Cool FM"
        },
        {
            "id": 581,
            "station": "http://edge-bauerall-01-gos2.sharp-stream.com/downtowncountry.aac?station_name=Downtown_Country",
            "name": "Downtown Country",
            "type": "r",
            "logo": "local",
            "genre": "",
            "broadcaster": "Bauer Media",
            "language": "English",
            "country": "UK",
            "region": "Europe",
            "bitrate": "48s",
            "format": "MP3",
            "geo_fenced": "No",
            "home_page": "",
            "reserved2": "NULL",
            "Match1": "Downtown Country",
            "Match2": "ACC-bauerall",
            "Match3": "48s",
            "Match Chk": "Downtown Country"
        },
        {
            "id": 582,
            "station": "http://edge-bauerall-01-gos2.sharp-stream.com/downtown.aac?station_name=Downtown_Radio",
            "name": "Downtown Radio",
            "type": "r",
            "logo": "local",
            "genre": "",
            "broadcaster": "Bauer Media",
            "language": "English",
            "country": "UK",
            "region": "Europe",
            "bitrate": "48s",
            "format": "MP3",
            "geo_fenced": "No",
            "home_page": "",
            "reserved2": "NULL",
            "Match1": "Downtown Radio",
            "Match2": "ACC-bauerall",
            "Match3": "48s",
            "Match Chk": "Downtown Radio"
        },
        {
            "id": 583,
            "station": "http://edge-bauerall-01-gos2.sharp-stream.com/freebirmingham.aac?station_name=Free_Radio_(Birmingham)",
            "name": "Free Radio (Birmingham)",
            "type": "r",
            "logo": "local",
            "genre": "",
            "broadcaster": "Bauer Media",
            "language": "English",
            "country": "UK",
            "region": "Europe",
            "bitrate": "48s",
            "format": "MP3",
            "geo_fenced": "No",
            "home_page": "",
            "reserved2": "NULL",
            "Match1": "Free Radio (Birmingham)",
            "Match2": "ACC-bauerall",
            "Match3": "48s",
            "Match Chk": "Free Radio (Birmingham)"
        },
        {
            "id": 584,
            "station": "http://edge-bauerall-01-gos2.sharp-stream.com/gem106.aac?station_name=Gem",
            "name": "Gem",
            "type": "r",
            "logo": "local",
            "genre": "",
            "broadcaster": "Bauer Media",
            "language": "English",
            "country": "UK",
            "region": "Europe",
            "bitrate": "48s",
            "format": "MP3",
            "geo_fenced": "No",
            "home_page": "",
            "reserved2": "NULL",
            "Match1": "Gem",
            "Match2": "ACC-bauerall",
            "Match3": "48s",
            "Match Chk": "Gem"
        },
        {
            "id": 585,
            "station": "http://edge-bauerall-01-gos2.sharp-stream.com/hallam.aac?station_name=Hallam_FM",
            "name": "Hallam FM",
            "type": "r",
            "logo": "local",
            "genre": "",
            "broadcaster": "Bauer Media",
            "language": "English",
            "country": "UK",
            "region": "Europe",
            "bitrate": "48s",
            "format": "MP3",
            "geo_fenced": "No",
            "home_page": "",
            "reserved2": "NULL",
            "Match1": "Hallam FM",
            "Match2": "ACC-bauerall",
            "Match3": "48s",
            "Match Chk": "Hallam FM"
        },
        {
            "id": 586,
            "station": "http://edge-bauerall-01-gos2.sharp-stream.com/net1lincoln.aac?station_name=Lincs_FM",
            "name": "Lincs FM",
            "type": "r",
            "logo": "local",
            "genre": "",
            "broadcaster": "Bauer Media",
            "language": "English",
            "country": "UK",
            "region": "Europe",
            "bitrate": "48s",
            "format": "MP3",
            "geo_fenced": "No",
            "home_page": "",
            "reserved2": "NULL",
            "Match1": "Lincs FM",
            "Match2": "ACC-bauerall",
            "Match3": "48s",
            "Match Chk": "Lincs FM"
        },
        {
            "id": 587,
            "station": "http://edge-bauerall-01-gos2.sharp-stream.com/metro.aac?station_name=Metro_Radio",
            "name": "Metro Radio",
            "type": "r",
            "logo": "local",
            "genre": "",
            "broadcaster": "Bauer Media",
            "language": "English",
            "country": "UK",
            "region": "Europe",
            "bitrate": "48s",
            "format": "MP3",
            "geo_fenced": "No",
            "home_page": "",
            "reserved2": "NULL",
            "Match1": "Metro Radio",
            "Match2": "ACC-bauerall",
            "Match3": "48s",
            "Match Chk": "Metro Radio"
        },
        {
            "id": 588,
            "station": "http://edge-bauerall-01-gos2.sharp-stream.com/mfrfm.aac?station_name=MFR",
            "name": "MFR",
            "type": "r",
            "logo": "local",
            "genre": "",
            "broadcaster": "Bauer Media",
            "language": "English",
            "country": "UK",
            "region": "Europe",
            "bitrate": "48s",
            "format": "MP3",
            "geo_fenced": "No",
            "home_page": "",
            "reserved2": "NULL",
            "Match1": "MFR",
            "Match2": "ACC-bauerall",
            "Match3": "48s",
            "Match Chk": "MFR"
        },
        {
            "id": 589,
            "station": "http://edge-bauerall-01-gos2.sharp-stream.com/mfram.aac?station_name=MFR_2",
            "name": "MFR 2",
            "type": "r",
            "logo": "local",
            "genre": "",
            "broadcaster": "Bauer Media",
            "language": "English",
            "country": "UK",
            "region": "Europe",
            "bitrate": "48s",
            "format": "MP3",
            "geo_fenced": "No",
            "home_page": "",
            "reserved2": "NULL",
            "Match1": "MFR 2",
            "Match2": "ACC-bauerall",
            "Match3": "48s",
            "Match Chk": "MFR 2"
        },
        {
            "id": 590,
            "station": "http://edge-bauerall-01-gos2.sharp-stream.com/northsound1.aac?station_name=Northsound_1",
            "name": "Northsound 1",
            "type": "r",
            "logo": "local",
            "genre": "",
            "broadcaster": "Bauer Media",
            "language": "English",
            "country": "UK",
            "region": "Europe",
            "bitrate": "48s",
            "format": "MP3",
            "geo_fenced": "No",
            "home_page": "",
            "reserved2": "NULL",
            "Match1": "Northsound 1",
            "Match2": "ACC-bauerall",
            "Match3": "48s",
            "Match Chk": "Northsound 1"
        },
        {
            "id": 591,
            "station": "http://edge-bauerall-01-gos2.sharp-stream.com/northsound2.aac?station_name=Northsound_2",
            "name": "Northsound 2",
            "type": "r",
            "logo": "local",
            "genre": "",
            "broadcaster": "Bauer Media",
            "language": "English",
            "country": "UK",
            "region": "Europe",
            "bitrate": "48s",
            "format": "MP3",
            "geo_fenced": "No",
            "home_page": "",
            "reserved2": "NULL",
            "Match1": "Northsound 2",
            "Match2": "ACC-bauerall",
            "Match3": "48s",
            "Match Chk": "Northsound 2"
        },
        {
            "id": 592,
            "station": "http://edge-bauerall-01-gos2.sharp-stream.com/net1cornwall.aac?station_name=Pirate_FM_(West)",
            "name": "Pirate FM (West)",
            "type": "r",
            "logo": "local",
            "genre": "",
            "broadcaster": "Bauer Media",
            "language": "English",
            "country": "UK",
            "region": "Europe",
            "bitrate": "48s",
            "format": "MP3",
            "geo_fenced": "No",
            "home_page": "",
            "reserved2": "NULL",
            "Match1": "Pirate FM (West)",
            "Match2": "ACC-bauerall",
            "Match3": "48s",
            "Match Chk": "Pirate FM (West)"
        },
        {
            "id": 593,
            "station": "http://edge-bauerall-01-gos2.sharp-stream.com/net1bradford.aac?station_name=Pulse_1",
            "name": "Pulse 1",
            "type": "r",
            "logo": "local",
            "genre": "",
            "broadcaster": "Bauer Media",
            "language": "English",
            "country": "UK",
            "region": "Europe",
            "bitrate": "48s",
            "format": "MP3",
            "geo_fenced": "No",
            "home_page": "",
            "reserved2": "NULL",
            "Match1": "Pulse 1",
            "Match2": "ACC-bauerall",
            "Match3": "48s",
            "Match Chk": "Pulse 1"
        },
        {
            "id": 594,
            "station": "http://edge-bauerall-01-gos2.sharp-stream.com/borders.aac?station_name=Radio_Borders",
            "name": "Radio Borders",
            "type": "r",
            "logo": "local",
            "genre": "",
            "broadcaster": "Bauer Media",
            "language": "English",
            "country": "UK",
            "region": "Europe",
            "bitrate": "48s",
            "format": "MP3",
            "geo_fenced": "No",
            "home_page": "",
            "reserved2": "NULL",
            "Match1": "Radio Borders",
            "Match2": "ACC-bauerall",
            "Match3": "48s",
            "Match Chk": "Radio Borders"
        },
        {
            "id": 595,
            "station": "http://edge-bauerall-01-gos2.sharp-stream.com/city.aac?station_name=Radio_City",
            "name": "Radio City",
            "type": "r",
            "logo": "local",
            "genre": "",
            "broadcaster": "Bauer Media",
            "language": "English",
            "country": "UK",
            "region": "Europe",
            "bitrate": "48s",
            "format": "MP3",
            "geo_fenced": "No",
            "home_page": "",
            "reserved2": "NULL",
            "Match1": "Radio City",
            "Match2": "ACC-bauerall",
            "Match3": "48s",
            "Match Chk": "Radio City"
        },
        {
            "id": 596,
            "station": "http://edge-bauerall-01-gos2.sharp-stream.com/net1stoke.aac?station_name=Signal_1",
            "name": "Signal 1",
            "type": "r",
            "logo": "local",
            "genre": "",
            "broadcaster": "Bauer Media",
            "language": "English",
            "country": "UK",
            "region": "Europe",
            "bitrate": "48s",
            "format": "MP3",
            "geo_fenced": "No",
            "home_page": "",
            "reserved2": "NULL",
            "Match1": "Signal 1",
            "Match2": "ACC-bauerall",
            "Match3": "48s",
            "Match Chk": "Signal 1"
        },
        {
            "id": 597,
            "station": "http://edge-bauerall-01-gos2.sharp-stream.com/tayam.aac?station_name=Tay_2",
            "name": "Tay 2",
            "type": "r",
            "logo": "local",
            "genre": "",
            "broadcaster": "Bauer Media",
            "language": "English",
            "country": "UK",
            "region": "Europe",
            "bitrate": "48s",
            "format": "MP3",
            "geo_fenced": "No",
            "home_page": "",
            "reserved2": "NULL",
            "Match1": "Tay 2",
            "Match2": "ACC-bauerall",
            "Match3": "48s",
            "Match Chk": "Tay 2"
        },
        {
            "id": 598,
            "station": "http://edge-bauerall-01-gos2.sharp-stream.com/tayfm.aac?station_name=Tay_FM",
            "name": "Tay FM",
            "type": "r",
            "logo": "local",
            "genre": "",
            "broadcaster": "Bauer Media",
            "language": "English",
            "country": "UK",
            "region": "Europe",
            "bitrate": "48s",
            "format": "MP3",
            "geo_fenced": "No",
            "home_page": "",
            "reserved2": "NULL",
            "Match1": "Tay FM",
            "Match2": "ACC-bauerall",
            "Match3": "48s",
            "Match Chk": "Tay FM"
        },
        {
            "id": 599,
            "station": "http://edge-bauerall-01-gos2.sharp-stream.com/tfm.aac?station_name=TFM",
            "name": "TFM",
            "type": "r",
            "logo": "local",
            "genre": "",
            "broadcaster": "Bauer Media",
            "language": "English",
            "country": "UK",
            "region": "Europe",
            "bitrate": "48s",
            "format": "MP3",
            "geo_fenced": "No",
            "home_page": "",
            "reserved2": "NULL",
            "Match1": "TFM",
            "Match2": "ACC-bauerall",
            "Match3": "48s",
            "Match Chk": "TFM"
        },
        {
            "id": 600,
            "station": "http://edge-bauerall-01-gos2.sharp-stream.com/net1swansea.aac?station_name=The_Wave",
            "name": "The Wave",
            "type": "r",
            "logo": "local",
            "genre": "",
            "broadcaster": "Bauer Media",
            "language": "English",
            "country": "UK",
            "region": "Europe",
            "bitrate": "48s",
            "format": "MP3",
            "geo_fenced": "No",
            "home_page": "",
            "reserved2": "NULL",
            "Match1": "The Wave",
            "Match2": "ACC-bauerall",
            "Match3": "48s",
            "Match Chk": "The Wave"
        },
        {
            "id": 601,
            "station": "http://edge-bauerall-01-gos2.sharp-stream.com/viking.aac?station_name=Viking_FM",
            "name": "Viking FM",
            "type": "r",
            "logo": "local",
            "genre": "",
            "broadcaster": "Bauer Media",
            "language": "English",
            "country": "UK",
            "region": "Europe",
            "bitrate": "48s",
            "format": "MP3",
            "geo_fenced": "No",
            "home_page": "",
            "reserved2": "NULL",
            "Match1": "Viking FM",
            "Match2": "ACC-bauerall",
            "Match3": "48s",
            "Match Chk": "Viking FM"
        },
        {
            "id": 602,
            "station": "http://edge-bauerall-01-gos2.sharp-stream.com/wave105.aac?station_name=Wave_105",
            "name": "Wave 105",
            "type": "r",
            "logo": "local",
            "genre": "",
            "broadcaster": "Bauer Media",
            "language": "English",
            "country": "UK",
            "region": "Europe",
            "bitrate": "48s",
            "format": "MP3",
            "geo_fenced": "No",
            "home_page": "",
            "reserved2": "NULL",
            "Match1": "Wave 105",
            "Match2": "ACC-bauerall",
            "Match3": "48s",
            "Match Chk": "Wave 105"
        },
        {
            "id": 603,
            "station": "http://edge-bauerall-01-gos2.sharp-stream.com/westfm.aac?station_name=West_FM",
            "name": "West FM",
            "type": "r",
            "logo": "local",
            "genre": "",
            "broadcaster": "Bauer Media",
            "language": "English",
            "country": "UK",
            "region": "Europe",
            "bitrate": "48s",
            "format": "MP3",
            "geo_fenced": "No",
            "home_page": "",
            "reserved2": "NULL",
            "Match1": "West FM",
            "Match2": "ACC-bauerall",
            "Match3": "48s",
            "Match Chk": "West FM"
        },
        {
            "id": 604,
            "station": "http://edge-bauerall-01-gos2.sharp-stream.com/westsound.aac?station_name=West_Sound_(Ayrshire)",
            "name": "West Sound (Ayrshire)",
            "type": "r",
            "logo": "local",
            "genre": "",
            "broadcaster": "Bauer Media",
            "language": "English",
            "country": "UK",
            "region": "Europe",
            "bitrate": "48s",
            "format": "MP3",
            "geo_fenced": "No",
            "home_page": "",
            "reserved2": "NULL",
            "Match1": "West Sound (Ayrshire)",
            "Match2": "ACC-bauerall",
            "Match3": "48s",
            "Match Chk": "West Sound (Ayrshire)"
        },
        {
            "id": 605,
            "station": "http://icecast.thisisdax.com/SmoothLakeDistrict?station_name=Lakeland_Radio",
            "name": "Lakeland Radio",
            "type": "r",
            "logo": "local",
            "genre": "",
            "broadcaster": "Global",
            "language": "English",
            "country": "UK",
            "region": "Europe",
            "bitrate": "48s",
            "format": "MP3",
            "geo_fenced": "No",
            "home_page": "NULL",
            "reserved2": "NULL",
            "Match1": "Lakeland Radio",
            "Match2": "ACC",
            "Match3": "48s",
            "Match Chk": "Lakeland Radio"
        },
        {
            "id": 606,
            "station": "http://icecast.thisisdax.com/HeartNorthLancsCumbria?station_name=The_Bay",
            "name": "The Bay",
            "type": "r",
            "logo": "local",
            "genre": "",
            "broadcaster": "Global",
            "language": "English",
            "country": "UK",
            "region": "Europe",
            "bitrate": "48s",
            "format": "MP3",
            "geo_fenced": "No",
            "home_page": "NULL",
            "reserved2": "NULL",
            "Match1": "The Bay",
            "Match2": "ACC",
            "Match3": "48s",
            "Match Chk": "The Bay"
        }
    ]
}